tiempo_s,tau,progreso,posicion_m,velocidad_m_s,aceleracion_m_s2
0.0,0.0,0.0,0.0,0.0,0.0
0.015484218749999999,0.005,1.2406437500000003e-06,4.094124375000001e-07,7.912287712287713e-05,0.010168452925695685
0.030968437499999998,0.01,9.850600000000002e-06,3.250698000000001e-06,0.00031331868131868136,0.020030319331018637
0.046452656249999995,0.015,3.299518124999999e-05,1.0888409812499999e-05,0.000697864135864136,0.029588696049507975
0.061936874999999995,0.02,7.761920000000002e-05,2.561433600000001e-05,0.0012280839160839162,0.038846679914702816
0.07742109375,0.025,0.00015044921875000003,4.964824218750001e-05,0.0018993506493506498,0.04780736776014227
0.09290531249999999,0.03,0.00025799579999999996,8.5138614e-05,0.0027070849150849156,0.056473856419365476
0.10838953125,0.035,0.0004065557562500001,0.00013416339956250003,0.0036467552447552462,0.06484924272591154
0.12387374999999999,0.04,0.0006022144000000002,0.0001987307520000001,0.0047138781218781225,0.07293662351331957
0.13935796874999998,0.045,0.0008508477937499999,0.00028077977193749997,0.005904017982017983,0.08073909561512868
0.1548421875,0.05,0.001158125,0.00038218125,0.007212787212787213,0.08825975586487804
0.17032640624999998,0.055,0.0015295103312499999,0.0005047384093124999,0.008635846153846154,0.09550170109610671
0.18581062499999998,0.06,0.0019702655999999995,0.0006501876479999999,0.010168903096903097,0.10246802814235384
0.20129484374999998,0.065,0.0024854523687500006,0.0008201992816875002,0.011807714285714288,0.10916183383715856
0.2167790625,0.07,0.003079934200000001,0.0010163782860000002,0.013548083916083918,0.11558621501405993
0.23226328124999995,0.075,0.0037583789062499997,0.0012402650390625,0.015385864135864138,0.12174426850659713
0.24774749999999998,0.08,0.004525260800000001,0.0014933360640000005,0.01731695504495505,0.12763909114830924
0.26323171875,0.085,0.005384862943750001,0.0017770047714375002,0.019337304695304702,0.1332737797727354
0.27871593749999996,0.09,0.0063412794,0.002092622202,0.021442909090909096,0.1386514312134147
0.29420015624999996,0.095,0.007398417481250002,0.0024414777688125007,0.02362981218781219,0.14377514230388633
0.309684375,0.1,0.008560000000000002,0.0028248000000000006,0.025894105894105904,0.14864800987768934
0.32516859374999996,0.105,0.009829567518749997,0.003243757281187499,0.028231930069930064,0.15327313076836285
0.34065281249999996,0.11,0.011210480599999998,0.0036994585979999994,0.030639472527472535,0.15765360180944601
0.35613703124999996,0.115,0.012705922056250001,0.004192954278562501,0.03311296903096904,0.16179251983447795
0.37162124999999996,0.12,0.014318899199999997,0.0047252367359999995,0.0356487032967033,0.16569298167699764
0.38710546874999996,0.125,0.01605224609375,0.0052972412109375,0.038243006993007,0.1693580841705445
0.40258968749999996,0.13,0.017908625800000005,0.005909846514000002,0.040892259740259736,0.1727909241486574
0.41807390624999996,0.135,0.019890532631250003,0.0065638757683125016,0.04359288911088913,0.17599459844487558
0.433558125,0.14,0.022000294400000005,0.007260097152000002,0.046341370629370646,0.17897220389273794
0.4490423437499999,0.145,0.024240074668749997,0.007999224640687499,0.04913422777222778,0.18172683732578387
0.4645265624999999,0.15,0.026611874999999997,0.00878191875,0.05196803196803198,0.18426159557755242
0.48001078124999996,0.155,0.029117537206250002,0.0096087872780625,0.05483940259740261,0.18657957548158263
0.49549499999999996,0.16,0.03175874560000001,0.010480386048000005,0.05774500699300701,0.18868387387141364
0.51097921875,0.165,0.03453702924375,0.0113972196504375,0.06068156043956046,0.19057758758058466
0.5264634375,0.17,0.0374537642,0.012359742186000002,0.0636458261738262,0.19226381344263466
0.5419476562499999,0.175,0.04051017578124999,0.013368358007812498,0.06663461538461539,0.19374564829110288
0.5574318749999999,0.18,0.0437073408,0.014423422464000002,0.06964478721278722,0.19502618895952836
0.57291609375,0.185,0.047046189818749994,0.015525242640187498,0.07267324875124877,0.1961085322814503
0.5884003124999999,0.19,0.05052750940000001,0.016674078102000004,0.07571695504495506,0.1969957750904078
0.60388453125,0.195,0.054151944356249995,0.0178701416375625,0.07877290909090912,0.1976910142199399
0.61936875,0.2,0.057920000000000006,0.0191136,0.08183816183816187,0.19819734650358575
0.6348529687499999,0.205,0.061832044393749994,0.020404574649937498,0.0849098121878122,0.19851786877488453
0.6503371874999999,0.21,0.06588831059999999,0.021743142497999995,0.08798500699300699,0.19865567786737534
0.66582140625,0.215,0.07008889893124999,0.0231293366473125,0.09106094105894107,0.1986138706145973
0.6813056249999999,0.22,0.0744337792,0.024563147136,0.09413485714285716,0.19839554385008934
0.69678984375,0.225,0.07892279296875002,0.026044521679687505,0.09720404595404594,0.19800379440739085
0.7122740624999999,0.23,0.0835556558,0.027573366414000003,0.10026584615384618,0.19744171912004088
0.7277582812499999,0.235,0.08833195950624999,0.0291495466370625,0.10331764435564438,0.19671241482157842
0.7432424999999999,0.24,0.09325117439999998,0.030772887551999997,0.10635687512487516,0.19581897834554268
0.7587267187499999,0.245,0.09831265154374998,0.0324431750094375,0.109381020979021,0.19476450652547292
0.7742109374999999,0.25,0.103515625,0.034160156250000004,0.11238761238761241,0.193552096194908
0.78969515625,0.255,0.10885921408125004,0.03592354064681252,0.11537422777222778,0.1921848441873872
0.8051793749999999,0.26,0.11434242560000002,0.03773300044800001,0.1183384935064935,0.19066584733644956
0.82066359375,0.265,0.11996415611875,0.039588171519187504,0.12127808391608398,0.18899820247563415
0.8361478124999999,0.27,0.12572319420000003,0.04148865408600001,0.1241907212787213,0.18718500643848032
0.85163203125,0.275,0.13161822265625006,0.04343401347656252,0.12707417582417582,0.1852293560585269
0.86711625,0.28,0.13764782080000001,0.04542378086400001,0.12992626573426574,0.18313434816931323
0.8826004687499999,0.285,0.14381046669374997,0.04745745400893749,0.1327448571428572,0.18090307960437835
0.8980846874999998,0.29,0.15010453939999996,0.04953449800199999,0.13552786413586415,0.17853864719726137
0.9135689062499999,0.295,0.15652832123125002,0.05165434600631251,0.13827324875124877,0.1760441477815014
0.9290531249999998,0.3,0.16307999999999995,0.053816399999999986,0.14097902097902099,0.17342267819063756
0.9445373437499999,0.305,0.16975767126875,0.0560200315186875,0.14364323876123877,0.17067733525820905
0.9600215624999999,0.31,0.1765593406,0.058264582398,0.146264007992008,0.16781121581775477
0.9755057812499999,0.315,0.18348292580624997,0.06054936551606249,0.14883948251748252,0.16482741670281398
0.9909899999999999,0.32,0.1905262592000001,0.06287366553600003,0.15136786413586414,0.1617290347469259
1.00647421875,0.325,0.19768708984374994,0.06523673964843749,0.15384740259740265,0.15851916678362954
1.0219584375,0.33,0.2049630858,0.06763781831400001,0.15627639560439566,0.15520090964646419
1.0374426562499999,0.335,0.21235183638125005,0.07007610600581252,0.15865318881118887,0.15177736016896853
1.052926875,0.34,0.2198508544,0.072550781952,0.16097617582417592,0.14825161518468216
1.0684110937499998,0.345,0.22745757841875,0.0750610008781875,0.16324379820179824,0.14462677152714404
1.0838953124999997,0.35,0.23516937499999996,0.07760589374999999,0.16545454545454547,0.14090592602989307
1.0993795312499999,0.355,0.2429835409562499,0.08018456851556248,0.16760695504495512,0.13709217552646843
1.1148637499999998,0.36,0.2508973056,0.08279611084800001,0.16969961238761241,0.13318861685040959
1.1303479687499998,0.365,0.25890783299375,0.0854395848879375,0.17173115084915086,0.1291983468352555
1.1458321875,0.37,0.2670122242,0.088114033986,0.1737002517482518,0.125124462314545
1.1613164062499999,0.375,0.27520751953125,0.0908184814453125,0.17560564435564438,0.12097006012181749
1.1768006249999998,0.38,0.2834907008000001,0.09355193126400004,0.1774461058941059,0.11673823709061201
1.19228484375,0.385,0.29185869356875,0.0963133688776875,0.17922046153846155,0.11243209005446782
1.2077690625,0.39,0.30030836939999994,0.09910176190199999,0.1809275844155845,0.10805471584692362
1.2232532812499999,0.395,0.30883654810625005,0.10191606087506253,0.1825663956043957,0.10360921130151896
1.2387375,0.4,0.31744000000000006,0.10475520000000002,0.1841358641358642,0.0990986732517928
1.25422171875,0.405,0.32611544814375,0.1076180978874375,0.1856350069930071,0.0945261985312842
1.2697059374999997,0.41,0.33485957059999993,0.11050365829799998,0.18706288911088917,0.08989488397353262
1.2851901562499999,0.415,0.34366900268125,0.11341077088481251,0.18841862337662343,0.08520782641207666
1.3006743749999998,0.42,0.3525403391999999,0.11633831193599997,0.1897013706293706,0.08046812268045593
1.3161585937499998,0.425,0.36147013671875,0.1192851451171875,0.19091033966033966,0.07567886961220914
1.3316428125,0.43,0.3704549158,0.122250122214,0.19204478721278725,0.07084316404087557
1.3471270312499999,0.435,0.37949116325625,0.1252320838745625,0.19310401798201804,0.06596410279999432
1.3626112499999998,0.44,0.3885753343999999,0.12822986035199999,0.1940873846153846,0.06104478272310441
1.3780954687499998,0.445,0.3977038552937501,0.13124227224693752,0.19499428771228774,0.05608830064374519
1.3935796875,0.45,0.40687312500000017,0.13426813125000006,0.19582417582417574,0.05109775339545569
1.4090639062499999,0.455,0.41607951783125,0.1373062408843125,0.19657654545454553,0.04607623781177488
1.4245481249999998,0.46,0.42531938559999993,0.14035539724799997,0.19725094105894117,0.04102685072624228
1.44003234375,0.465,0.43458905986874996,0.1434143897566875,0.1978469550449551,0.03595268897239655
1.4555165624999997,0.47,0.4438848541999999,0.14648200188599997,0.19836422777222784,0.030856849383776905
1.4710007812499997,0.475,0.45320306640624985,0.14955701191406245,0.1988024475524476,0.02574242879392282
1.4864849999999998,0.48,0.4625399807999999,0.15263819366399997,0.19916135064935078,0.020612524036372693
1.5019692187499998,0.485,0.47189187044375003,0.1557243172464375,0.19944072127872137,0.01547023194466656
1.5174534374999997,0.49,0.4812549993999999,0.15881414980199998,0.1996403916083916,0.010318649352342993
1.53293765625,0.495,0.49062562498125,0.1619064562438125,0.19976024175824178,0.005160873092940936
1.5484218749999998,0.5,0.5,0.165,0.19980019980019983,0.0
1.5639060937499998,0.505,0.50937437501875,0.1680935437561875,0.1997602417582417,-0.005160873092940875
1.5793903125,0.51,0.5187450006000003,0.1711858501980001,0.19964039160839156,-0.01031864935234275
1.59487453125,0.515,0.5281081295562499,0.17427568275356245,0.19944072127872128,-0.015470231944666435
1.6103587499999998,0.52,0.5374600192000001,0.17736180633600004,0.1991613506493506,-0.020612524036372877
1.62584296875,0.525,0.5467969335937501,0.18044298808593756,0.19880244755244758,-0.02574242879392282
1.6413271875,0.53,0.5561151458,0.183517998114,0.19836422777222798,-0.030856849383777148
1.65681140625,0.535,0.56541094013125,0.18658561024331252,0.197846955044955,-0.03595268897239637
1.6722956249999998,0.54,0.5746806144000002,0.18964460275200007,0.19725094105894114,-0.04102685072624221
1.68777984375,0.545,0.5839204821687498,0.19269375911568745,0.19657654545454561,-0.04607623781177507
1.7032640625,0.55,0.5931268750000003,0.1957318687500001,0.19582417582417566,-0.05109775339545581
1.71874828125,0.555,0.60229614470625,0.19875772775306252,0.1949942877122878,-0.05608830064374532
1.7342325,0.56,0.6114246655999999,0.20177013964799997,0.1940873846153847,-0.06104478272310447
1.7497167187499996,0.565,0.6205088367437499,0.2047679161254375,0.19310401798201782,-0.06596410279999401
1.7652009374999997,0.57,0.6295450841999998,0.20774987778599993,0.1920447872127875,-0.07084316404087557
1.7806851562499997,0.575,0.6385298632812503,0.2107148548828126,0.19091033966033968,-0.07567886961220878
1.7961693749999996,0.58,0.6474596607999998,0.21366168806399996,0.18970137062937073,-0.08046812268045588
1.8116535937499998,0.585,0.6563309973187499,0.21658922911518746,0.18841862337662335,-0.08520782641207673
1.8271378124999997,0.59,0.6651404294000002,0.21949634170200008,0.18706288911088903,-0.08989488397353251
1.8426220312499997,0.595,0.6738845518562497,0.22238190211256242,0.18563500699300697,-0.09452619853128454
1.8581062499999996,0.6,0.6825599999999996,0.22524479999999988,0.18413586413586433,-0.09909867325179299
1.8735904687499998,0.605,0.6911634518937497,0.2280839391249374,0.18256639560439564,-0.10360921130151919
1.8890746874999997,0.61,0.6996916306000001,0.23089823809800003,0.18092758441558437,-0.10805471584692346
1.9045589062499997,0.615,0.7081413064312495,0.23368663112231236,0.17922046153846166,-0.11243209005446783
1.9200431249999999,0.62,0.7165092992000002,0.23644806873600008,0.17744610589410603,-0.11673823709061228
1.9355273437499998,0.625,0.72479248046875,0.2391815185546875,0.17560564435564438,-0.12097006012181749
1.9510115624999997,0.63,0.7329877757999999,0.24188596601399998,0.17370025174825166,-0.12512446231454524
1.96649578125,0.635,0.7410921670062504,0.24456041511206264,0.17173115084915075,-0.12919834683525527
1.9819799999999999,0.64,0.7491026944000009,0.2472038891520003,0.16969961238761216,-0.13318861685040984
1.9974642187499998,0.645,0.75701645904375,0.24981543148443752,0.16760695504495504,-0.13709217552646846
2.0129484375,0.65,0.7648306249999993,0.2523941062499998,0.1654545454545458,-0.14090592602989346
2.0284326562499997,0.655,0.7725424215812496,0.2549389991218124,0.16324379820179857,-0.14462677152714404
2.043916875,0.66,0.7801491456,0.25744921804800003,0.16097617582417587,-0.14825161518468202
2.05940109375,0.665,0.7876481636187505,0.25992389399418764,0.1586531888111888,-0.15177736016896856
2.0748853124999997,0.67,0.7950369142000001,0.26236218168600006,0.1562763956043956,-0.15520090964646446
2.09036953125,0.675,0.8023129101562498,0.26476326035156245,0.15384740259740254,-0.15851916678362996
2.10585375,0.68,0.8094737407999993,0.2671263344639998,0.15136786413586453,-0.16172903474692615
2.12133796875,0.685,0.8165170741937502,0.2694506344839376,0.1488394825174825,-0.1648274167028141
2.1368221874999995,0.69,0.8234406594000003,0.2717354176020001,0.14626400799200806,-0.1678112158177545
2.1523064062499997,0.695,0.8302423287312498,0.27397996848131245,0.14364323876123897,-0.17067733525820916
2.1677906249999994,0.7,0.8369199999999997,0.2761835999999999,0.14097902097902112,-0.17342267819063753
2.1832748437499996,0.705,0.8434716787687504,0.27834565399368766,0.1382732487512487,-0.1760441477815012
2.1987590624999998,0.71,0.8498954605999995,0.28046550199799986,0.13552786413586432,-0.17853864719726179
2.2142432812499995,0.715,0.8561895333062499,0.2825425459910625,0.13274485714285733,-0.1809030796043782
2.2297274999999996,0.72,0.8623521792000004,0.2845762191360001,0.12992626573426588,-0.18313434816931354
2.24521171875,0.725,0.8683817773437499,0.28656598652343745,0.127074175824176,-0.18522935605852692
2.2606959374999995,0.73,0.8742768058000001,0.2885113459140001,0.1241907212787213,-0.18718500643848004
2.2761801562499997,0.735,0.8800358438812501,0.29041182848081254,0.12127808391608398,-0.18899820247563415
2.291664375,0.74,0.8856575743999999,0.292266999552,0.11833849350649349,-0.1906658473364495
2.3071485937499996,0.745,0.8911407859187506,0.2940764593531877,0.11537422777222771,-0.19218484418738715
2.3226328124999998,0.75,0.896484375,0.29583984375,0.11238761238761241,-0.193552096194908
2.33811703125,0.755,0.90168734845625,0.2975568249905625,0.10938102097902132,-0.19476450652547314
2.3536012499999996,0.76,0.9067488256000007,0.29922711244800027,0.10635687512487497,-0.19581897834554274
2.36908546875,0.765,0.9116680404937498,0.3008504533629375,0.10331764435564451,-0.19671241482157867
2.3845696875,0.77,0.9164443441999999,0.30242663358599997,0.10026584615384618,-0.19744171912004055
2.4000539062499997,0.775,0.9210772070312503,0.3039554783203126,0.09720404595404564,-0.19800379440739097
2.415538125,0.78,0.9255662207999991,0.3054368528639997,0.09413485714285753,-0.19839554385008962
2.43102234375,0.785,0.9299111010687495,0.30687066335268737,0.09106094105894111,-0.1986138706145971
2.4465065624999998,0.79,0.9341116894000003,0.3082568575020001,0.08798500699300728,-0.19865567786737573
2.46199078125,0.795,0.9381679556062503,0.3095954253500626,0.08490981218781196,-0.1985178687748845
2.477475,0.8,0.9420800000000005,0.3108864000000002,0.08183816183816174,-0.19819734650358597
2.49295921875,0.805,0.9458480556437507,0.3121298583624378,0.07877290909090882,-0.19769101421993976
2.5084434375,0.81,0.9494724905999994,0.3133259218979998,0.07571695504495547,-0.19699577509040822
2.5239276562499997,0.815,0.95295381018125,0.3144747573598125,0.07267324875124924,-0.19610853228145056
2.5394118749999994,0.82,0.9562926591999998,0.31557657753599994,0.06964478721278751,-0.19502618895952883
2.5548960937499996,0.825,0.9594898242187515,0.316631641992188,0.06663461538461524,-0.19374564829110272
2.5703803124999998,0.83,0.9625462357999996,0.3176402578139999,0.06364582617382646,-0.19226381344263505
2.5858645312499995,0.835,0.9654629707562496,0.3186027803495624,0.06068156043956067,-0.1905775875805852
2.6013487499999997,0.84,0.9682412543999992,0.31951961395199974,0.057745006993006866,-0.18868387387141314
2.61683296875,0.845,0.9708824627937505,0.32039121272193766,0.05483940259740215,-0.1865795754815826
2.6323171874999995,0.85,0.9733881250000005,0.3212180812500002,0.05196803196803177,-0.18426159557755206
2.6478014062499997,0.855,0.9757599253312499,0.3220007753593125,0.04913422777222739,-0.18172683732578385
2.663285625,0.86,0.9779997056000003,0.3227399028480001,0.04634137062937053,-0.17897220389273785
2.6787698437499996,0.865,0.98010946736875,0.32343612423168755,0.04359288911088969,-0.17599459844487547
2.6942540624999998,0.87,0.9820913742000004,0.3240901534860001,0.04089225974025981,-0.17279092414865707
2.70973828125,0.875,0.98394775390625,0.3247027587890625,0.038243006993007,-0.1693580841705445
2.7252224999999997,0.88,0.985681100799999,0.3252747632639997,0.035648703296703214,-0.16569298167699764
2.74070671875,0.885,0.9872940779437491,0.3258070457214372,0.03311296903096894,-0.16179251983447793
2.7561909374999995,0.89,0.9887895194000009,0.3263005414020003,0.0306394725274724,-0.15765360180944568
2.7716751562499997,0.895,0.9901704324812499,0.3267562427188125,0.028231930069929582,-0.1532731307683618
2.787159375,0.9,0.9914400000000017,0.32717520000000055,0.025894105894104985,-0.14864800987768909
2.8026435937499996,0.905,0.9926015825187511,0.32755852223118787,0.023629812187812006,-0.14377514230388555
2.8181278124999998,0.91,0.9936587206,0.32790737779800005,0.021442909090909512,-0.13865143121341544
2.83361203125,0.915,0.9946151370562508,0.3282229952285628,0.01933730469530489,-0.13327377977273622
2.8490962499999997,0.92,0.9954747391999996,0.32850666393599987,0.017316955044955555,-0.1276390911483093
2.86458046875,0.925,0.9962416210937501,0.3287597349609376,0.015385864135864407,-0.1217442685065974
2.8800646875,0.93,0.9969200657999995,0.32898362171399986,0.013548083916083987,-0.11558621501405954
2.8955489062499997,0.935,0.9975145476312512,0.32917980071831293,0.01180771428571384,-0.10916183383715901
2.9110331249999994,0.94,0.9980297343999993,0.3293498123519998,0.010168903096903156,-0.10246802814235424
2.9265173437499996,0.945,0.9984704896687502,0.3294952615906876,0.008635846153846232,-0.0955017010961071
2.9420015624999993,0.95,0.9988418749999983,0.32961781874999946,0.007212787212787393,-0.08825975586487796
2.9574857812499995,0.955,0.9991491522062503,0.3297192202280626,0.005904017982018716,-0.08073909561512967
2.9729699999999997,0.96,0.9993977856000003,0.3298012692480001,0.0047138781218785215,-0.07293662351332063
2.9884542187499994,0.965,0.9995934442437502,0.32986583660043756,0.003646755244755912,-0.06484924272591175
3.0039384374999996,0.97,0.9997420041999998,0.32991486138599996,0.0027070849150850978,-0.05647385641936583
3.0194226562499997,0.975,0.9998495507812493,0.3299503517578123,0.0018993506493503135,-0.04780736776014182
3.0349068749999994,0.98,0.9999223807999993,0.3299743856639998,0.0012280839160835498,-0.038846679914702545
3.0503910937499996,0.985,0.9999670048187479,0.32998911159018685,0.0006978641358653099,-0.02958869604950887
3.0658753125,0.99,0.9999901494000003,0.3299967493020001,0.00031331868131855196,-0.020030319331018752
3.0813595312499995,0.995,0.9999987593562523,0.3299995905875633,7.912287712307574e-05,-0.0101684529256955
3.0968437499999997,1.0,1.0,0.33,0.0,0.0
